{"cameraMode":{"drawMode":0,"name":"Shaded","section":"Shading Mode"},"sceneLighting":true,"audioPlay":false,"sceneViewState":{"showFog":true,"showMaterialUpdate":false,"showSkybox":true,"showFlares":true,"showImageEffects":true,"showParticleSystems":true},"in2DMode":false,"pivot":{"x":-38.15068435668945,"y":-68.66336822509766,"z":-60.05272674560547},"rotation":{"x":-0.11028733104467392,"y":0.8853399753570557,"z":-0.3626924157142639,"w":-0.2692181169986725},"size":157.8804931640625,"orthographic":false}